Date,Open,High,Low,Close,Volume
7/1/15,126.900002,126.940002,125.989998,126.599998,30238800
7/2/15,126.43,126.690002,125.769997,126.440002,27211000
7/6/15,124.940002,126.230003,124.849998,126,28060400
7/7/15,125.889999,126.150002,123.769997,125.690002,46946800
7/8/15,124.480003,124.639999,122.540001,122.57,60761600
7/9/15,123.849998,124.059998,119.220001,120.07,78595000
7/10/15,121.940002,123.849998,121.209999,123.279999,61354500
7/13/15,125.029999,125.760002,124.32,125.660004,41440500
7/14/15,126.040001,126.370003,125.040001,125.610001,31768100
7/15/15,125.720001,127.150002,125.580002,126.82,33649200
7/16/15,127.739998,128.570007,127.349998,128.509995,36222400
7/17/15,129.080002,129.619995,128.309998,129.619995,46164700
7/20/15,130.970001,132.970001,130.699997,132.070007,58900200
7/21/15,132.850006,132.919998,130.320007,130.75,76756400
7/22/15,121.989998,125.5,121.989998,125.220001,115450600
7/23/15,126.199997,127.089996,125.059998,125.160004,50999500
7/24/15,125.32,125.739998,123.900002,124.5,42162300
7/27/15,123.089996,123.610001,122.120003,122.769997,44455500
7/28/15,123.379997,123.910004,122.550003,123.379997,33618100
7/29/15,123.150002,123.5,122.269997,122.989998,37011700
7/30/15,122.32,122.57,121.709999,122.370003,33628300
7/31/15,122.599998,122.639999,120.910004,121.300003,42885000
8/3/15,121.5,122.57,117.519997,118.440002,69976000
8/4/15,117.419998,117.699997,113.25,114.639999,124138600
8/5/15,112.949997,117.440002,112.099998,115.400002,99312600
8/6/15,115.970001,116.5,114.120003,115.129997,52903000
8/7/15,114.580002,116.25,114.5,115.519997,38670400
8/10/15,116.529999,119.989998,116.529999,119.720001,54951600
8/11/15,117.809998,118.18,113.330002,113.489998,97082800
8/12/15,112.529999,115.419998,109.629997,115.239998,101217500
8/13/15,116.040001,116.400002,114.540001,115.150002,48535800
8/14/15,114.32,116.309998,114.010002,115.959999,42929500
8/17/15,116.040001,117.650002,115.5,117.160004,40884700
8/18/15,116.43,117.440002,116.010002,116.5,34560700
8/19/15,116.099998,116.519997,114.68,115.010002,48286500
8/20/15,114.080002,114.349998,111.629997,112.650002,68501600
8/21/15,110.43,111.900002,105.650002,105.760002,128275500
8/24/15,94.870003,108.800003,92,103.120003,162206300
8/25/15,111.110001,111.110001,103.5,103.739998,103601600
8/26/15,107.089996,109.889999,105.050003,109.690002,96774600
8/27/15,112.230003,113.239998,110.019997,112.919998,84616100
8/28/15,112.169998,113.309998,111.540001,113.290001,53164400
8/31/15,112.029999,114.529999,112,112.760002,56229300
9/1/15,110.150002,111.879997,107.360001,107.720001,76845900
9/2/15,110.230003,112.339996,109.129997,112.339996,61888800
9/3/15,112.489998,112.779999,110.040001,110.370003,53233900
9/4/15,108.970001,110.449997,108.510002,109.269997,49996300
9/8/15,111.75,112.559998,110.32,112.309998,54843600
9/9/15,113.760002,114.019997,109.769997,110.150002,85010800
9/10/15,110.269997,113.279999,109.900002,112.57,62892800
9/11/15,111.790001,114.209999,111.760002,114.209999,49915500
9/14/15,116.580002,116.889999,114.860001,115.309998,58363400
9/15/15,115.93,116.529999,114.419998,116.279999,43341200
9/16/15,116.25,116.540001,115.440002,116.410004,37173500
9/17/15,115.660004,116.489998,113.720001,113.919998,64112600
9/18/15,112.209999,114.300003,111.870003,113.449997,74285300
9/21/15,113.669998,115.370003,113.660004,115.209999,50222000
9/22/15,113.379997,114.18,112.519997,113.400002,50346200
9/23/15,113.629997,114.720001,113.300003,114.32,35756700
9/24/15,113.25,115.5,112.370003,115,50219500
9/25/15,116.440002,116.690002,114.019997,114.709999,56151900
9/28/15,113.849998,114.57,112.440002,112.440002,52109000
9/29/15,112.830002,113.510002,107.860001,109.059998,73365400
9/30/15,110.169998,111.540001,108.730003,110.300003,66473000
10/1/15,109.07,109.620003,107.309998,109.580002,63929100
10/2/15,108.010002,111.010002,107.550003,110.379997,58019800
10/5/15,109.879997,111.370003,109.07,110.779999,52064700
10/6/15,110.629997,111.739998,109.769997,111.309998,48196800
10/7/15,111.739998,111.769997,109.410004,110.779999,46765600
10/8/15,110.190002,110.190002,108.209999,109.5,61979600
10/9/15,110,112.279999,109.489998,112.120003,52766100
10/12/15,112.730003,112.75,111.440002,111.599998,30467200
10/13/15,110.82,112.449997,110.68,111.790001,33049300
10/14/15,111.290001,111.519997,109.559998,110.209999,44462400
10/15/15,110.93,112.099998,110.489998,111.860001,37673500
10/16/15,111.779999,112,110.529999,111.040001,39232600
10/19/15,110.800003,111.75,110.110001,111.730003,29759200
10/20/15,111.339996,114.169998,110.82,113.769997,48967800
10/21/15,114,115.580002,113.699997,113.760002,41795200
10/22/15,114.330002,115.5,114.099998,115.5,41654100
10/23/15,116.699997,119.230003,116.330002,119.080002,59366900
10/26/15,118.080002,118.129997,114.919998,115.279999,66333800
10/27/15,115.400002,116.540001,113.989998,114.550003,69884400
10/28/15,116.93,119.300003,116.059998,119.269997,85551400
10/29/15,118.699997,120.690002,118.269997,120.529999,51227300
10/30/15,120.989998,121.220001,119.449997,119.5,49365300
11/2/15,120.800003,121.360001,119.610001,121.18,32203300
11/3/15,120.790001,123.489998,120.699997,122.57,45519000
11/4/15,123.129997,123.82,121.620003,122,44886100
11/5/15,121.849998,122.690002,120.18,120.919998,39552700
11/6/15,121.110001,121.809998,120.620003,121.059998,33042300
11/9/15,120.959999,121.809998,120.050003,120.57,33871400
11/10/15,116.900002,118.07,116.059998,116.769997,59127900
11/11/15,116.370003,117.419998,115.209999,116.110001,45218000
11/12/15,116.260002,116.82,115.650002,115.720001,32525600
11/13/15,115.199997,115.57,112.269997,112.339996,45812400
11/16/15,111.379997,114.239998,111,114.18,38106700
11/17/15,114.919998,115.050003,113.32,113.690002,27616900
11/18/15,115.760002,117.489998,115.5,117.290001,46674700
11/19/15,117.639999,119.75,116.760002,118.779999,43295800
11/20/15,119.199997,119.919998,118.849998,119.300003,34287100
11/23/15,119.269997,119.730003,117.339996,117.75,32482500
11/24/15,117.330002,119.349998,117.120003,118.879997,42803200
11/25/15,119.209999,119.230003,117.919998,118.029999,21388300
11/27/15,118.290001,118.410004,117.599998,117.809998,13046400
11/30/15,117.989998,119.410004,117.75,118.300003,39180300
12/1/15,118.75,118.809998,116.860001,117.339996,34852400
12/2/15,117.339996,118.110001,116.080002,116.279999,33386600
12/3/15,116.550003,116.790001,114.220001,115.199997,41569500
12/4/15,115.290001,119.25,115.110001,119.029999,57777000
12/7/15,118.980003,119.860001,117.809998,118.279999,32084200
12/8/15,117.519997,118.599998,116.860001,118.230003,34309500
12/9/15,117.639999,117.690002,115.080002,115.620003,46361400
12/10/15,116.040001,116.940002,115.510002,116.169998,29212700
12/11/15,115.190002,115.389999,112.849998,113.18,46886200
12/14/15,112.18,112.68,109.790001,112.480003,64318700
12/15/15,111.940002,112.800003,110.349998,110.489998,53323100
12/16/15,111.07,111.989998,108.800003,111.339996,56238500
12/17/15,112.019997,112.25,108.980003,108.980003,44772800
12/18/15,108.910004,109.519997,105.809998,106.029999,96453300
12/21/15,107.279999,107.370003,105.57,107.330002,47590600
12/22/15,107.400002,107.720001,106.449997,107.230003,32789400
12/23/15,107.269997,108.849998,107.199997,108.610001,32657400
12/24/15,109,109,107.949997,108.029999,13570400
12/28/15,107.589996,107.690002,106.18,106.82,26704200
12/29/15,106.959999,109.43,106.860001,108.739998,30931200
12/30/15,108.580002,108.699997,107.18,107.32,25213800
12/31/15,107.010002,107.029999,104.82,105.260002,40912300
1/4/16,102.610001,105.370003,102,105.349998,67649400
1/5/16,105.75,105.849998,102.410004,102.709999,55791000
1/6/16,100.559998,102.370003,99.870003,100.699997,68457400
1/7/16,98.68,100.129997,96.43,96.449997,81094400
1/8/16,98.550003,99.110001,96.760002,96.959999,70798000
1/11/16,98.970001,99.059998,97.339996,98.529999,49739400
1/12/16,100.550003,100.690002,98.839996,99.959999,49154200
1/13/16,100.32,101.190002,97.300003,97.389999,62439600
1/14/16,97.959999,100.480003,95.739998,99.519997,63170100
1/15/16,96.199997,97.709999,95.360001,97.129997,79833900
1/19/16,98.410004,98.650002,95.5,96.660004,53087700
1/20/16,95.099998,98.190002,93.419998,96.790001,72334400
1/21/16,97.059998,97.879997,94.940002,96.300003,52161500
1/22/16,98.629997,101.459999,98.370003,101.419998,65800500
1/25/16,101.519997,101.529999,99.209999,99.440002,51794500
1/26/16,99.93,100.879997,98.07,99.989998,75077000
1/27/16,96.040001,96.629997,93.339996,93.419998,133369700
1/28/16,93.790001,94.519997,92.389999,94.089996,55678800
1/29/16,94.790001,97.339996,94.349998,97.339996,64416500
2/1/16,96.470001,96.709999,95.400002,96.43,40943500
2/2/16,95.419998,96.040001,94.279999,94.480003,37357200
2/3/16,95,96.839996,94.080002,96.349998,45964300
2/4/16,95.860001,97.330002,95.190002,96.599998,46471700
2/5/16,96.519997,96.919998,93.690002,94.019997,46418100
2/8/16,93.129997,95.699997,93.040001,95.010002,54021400
2/9/16,94.290001,95.940002,93.93,94.989998,44331200
2/10/16,95.919998,96.349998,94.099998,94.269997,42343600
2/11/16,93.790001,94.720001,92.589996,93.699997,50074700
2/12/16,94.190002,94.5,93.010002,93.989998,40351400
2/16/16,95.019997,96.849998,94.610001,96.639999,49057900
2/17/16,96.669998,98.209999,96.150002,98.120003,44863200
2/18/16,98.839996,98.889999,96.089996,96.260002,39021000
2/19/16,96,96.760002,95.800003,96.040001,35374200
2/22/16,96.309998,96.900002,95.919998,96.879997,34280800
2/23/16,96.400002,96.5,94.550003,94.690002,31942600
2/24/16,93.980003,96.379997,93.32,96.099998,36255700
2/25/16,96.050003,96.760002,95.25,96.760002,27582700
2/26/16,97.199997,98.019997,96.580002,96.910004,28991100
2/29/16,96.860001,98.230003,96.650002,96.690002,35216300
3/1/16,97.650002,100.769997,97.419998,100.529999,50407100
3/2/16,100.510002,100.889999,99.639999,100.75,33169600
3/3/16,100.580002,101.709999,100.449997,101.5,36955700
3/4/16,102.370003,103.75,101.370003,103.010002,46055100
3/7/16,102.389999,102.830002,100.959999,101.870003,35828900
3/8/16,100.779999,101.760002,100.400002,101.029999,31561900
3/9/16,101.309998,101.580002,100.269997,101.120003,27201700
3/10/16,101.410004,102.239998,100.150002,101.169998,33513600
3/11/16,102.239998,102.279999,101.5,102.260002,27408200
3/14/16,101.910004,102.910004,101.779999,102.519997,25076100
3/15/16,103.959999,105.18,103.849998,104.580002,40067700
3/16/16,104.610001,106.309998,104.589996,105.970001,38303500
3/17/16,105.519997,106.470001,104.959999,105.800003,34420700
3/18/16,106.339996,106.5,105.190002,105.919998,44205200
3/21/16,105.93,107.650002,105.139999,105.910004,35502700
3/22/16,105.25,107.290001,105.209999,106.720001,32444400
3/23/16,106.480003,107.07,105.900002,106.129997,25703500
3/24/16,105.470001,106.25,104.889999,105.669998,26133000
3/28/16,106,106.190002,105.059998,105.190002,19411400
3/29/16,104.889999,107.790001,104.879997,107.68,31190100
3/30/16,108.650002,110.419998,108.599998,109.559998,45601100
3/31/16,109.720001,109.900002,108.879997,108.989998,25888400
4/1/16,108.779999,110,108.199997,109.989998,25874000
4/4/16,110.419998,112.190002,110.269997,111.120003,37356200
4/5/16,109.510002,110.730003,109.419998,109.809998,26578700
4/6/16,110.230003,110.980003,109.199997,110.959999,26404100
4/7/16,109.949997,110.419998,108.120003,108.540001,31801900
4/8/16,108.910004,109.769997,108.169998,108.660004,23581700
4/11/16,108.970001,110.610001,108.830002,109.019997,29407500
4/12/16,109.339996,110.5,108.660004,110.440002,27232300
4/13/16,110.800003,112.339996,110.800003,112.040001,33257300
4/14/16,111.620003,112.389999,111.330002,112.099998,25473900
4/15/16,112.110001,112.300003,109.730003,109.849998,46939000
4/18/16,108.889999,108.949997,106.940002,107.480003,60821500
4/19/16,107.879997,108,106.230003,106.910004,32384900
4/20/16,106.639999,108.089996,106.059998,107.129997,30611000
4/21/16,106.93,106.93,105.519997,105.970001,31552500
4/22/16,105.010002,106.480003,104.620003,105.68,33683100
4/25/16,105,105.650002,104.510002,105.080002,28031600
4/26/16,103.910004,105.300003,103.910004,104.349998,56016200
4/27/16,96,98.709999,95.68,97.82,114602100
4/28/16,97.610001,97.879997,94.25,94.830002,82242700
4/29/16,93.989998,94.720001,92.510002,93.739998,68531500
5/2/16,93.970001,94.080002,92.400002,93.639999,48160100
5/3/16,94.199997,95.739998,93.68,95.18,56831300
5/4/16,95.199997,95.900002,93.82,94.190002,41025500
5/5/16,94,94.07,92.68,93.239998,35890500
5/6/16,93.370003,93.449997,91.849998,92.720001,43699900
5/9/16,93,93.769997,92.589996,92.790001,32936400
5/10/16,93.330002,93.57,92.110001,93.419998,33686800
5/11/16,93.480003,93.57,92.459999,92.510002,28719100
5/12/16,92.720001,92.779999,89.470001,90.339996,76314700
5/13/16,90,91.669998,90,90.519997,44392800
5/16/16,92.389999,94.389999,91.650002,93.879997,61259800
5/17/16,94.550003,94.699997,93.010002,93.489998,46916900
5/18/16,94.160004,95.209999,93.889999,94.559998,42062400
5/19/16,94.639999,94.639999,93.57,94.199997,30442100
5/20/16,94.639999,95.43,94.519997,95.220001,32026000
5/23/16,95.870003,97.190002,95.669998,96.43,38018600
5/24/16,97.220001,98.089996,96.839996,97.900002,35140200
5/25/16,98.669998,99.739998,98.110001,99.620003,38168800
5/26/16,99.68,100.730003,98.639999,100.410004,56331200
5/27/16,99.440002,100.470001,99.25,100.349998,36341200
5/31/16,99.599998,100.400002,98.82,99.860001,42307200
6/1/16,99.019997,99.540001,98.330002,98.459999,29173300
6/2/16,97.599998,97.839996,96.629997,97.720001,40191600
6/3/16,97.790001,98.269997,97.449997,97.919998,28504900
6/6/16,97.989998,101.889999,97.550003,98.629997,23292500
6/7/16,99.25,99.870003,98.959999,99.029999,22409500
6/8/16,99.019997,99.559998,98.68,98.940002,20848100
6/9/16,98.5,99.989998,98.459999,99.650002,26601400
6/10/16,98.529999,99.349998,98.480003,98.830002,31712900
6/13/16,98.690002,99.120003,97.099998,97.339996,38020500
6/14/16,97.32,98.480003,96.75,97.459999,31931900
6/15/16,97.82,98.410004,97.029999,97.139999,29445200
6/16/16,96.449997,97.75,96.07,97.550003,31326800
6/17/16,96.620003,96.650002,95.300003,95.330002,61008200
6/20/16,96,96.57,95.029999,95.099998,34411900
6/21/16,94.940002,96.349998,94.68,95.910004,35546400
6/22/16,96.25,96.889999,95.349998,95.550003,29219100
6/23/16,95.940002,96.290001,95.25,96.099998,32240200
6/24/16,92.910004,94.660004,92.650002,93.400002,75311400
6/27/16,93,93.050003,91.5,92.040001,45489600
6/28/16,92.900002,93.660004,92.139999,93.589996,40444900
6/29/16,93.970001,94.550003,93.629997,94.400002,36531000
6/30/16,94.440002,95.769997,94.300003,95.599998,35836400
7/1/16,95.489998,96.470001,95.330002,95.889999,26026500
7/5/16,95.389999,95.400002,94.459999,94.989998,27705200
7/6/16,94.599998,95.660004,94.370003,95.529999,30949100
7/7/16,95.699997,96.5,95.620003,95.940002,25139600
7/8/16,96.489998,96.889999,96.050003,96.68,28912100
7/11/16,96.75,97.650002,96.730003,96.980003,23794900
7/12/16,97.169998,97.699997,97.120003,97.419998,24167500
7/13/16,97.410004,97.669998,96.839996,96.870003,25892200
7/14/16,97.389999,98.989998,97.32,98.790001,38919000
7/15/16,98.919998,99.300003,98.5,98.779999,30137000
7/18/16,98.699997,100.129997,98.599998,99.830002,36493900
7/19/16,99.559998,100,99.339996,99.870003,23779900
7/20/16,100,100.459999,99.739998,99.959999,26276000
7/21/16,99.830002,101,99.129997,99.43,32702000
7/22/16,99.260002,99.300003,98.309998,98.660004,28313700
7/25/16,98.25,98.839996,96.919998,97.339996,40382900
7/26/16,96.82,97.970001,96.419998,96.669998,56239800
7/27/16,104.269997,104.349998,102.75,102.949997,92344800
7/28/16,102.830002,104.449997,102.82,104.339996,39869800
7/29/16,104.190002,104.550003,103.68,104.209999,27733700
8/1/16,104.410004,106.150002,104.410004,106.050003,38167900
8/2/16,106.050003,106.07,104,104.480003,33816600
8/3/16,104.809998,105.839996,104.769997,105.790001,30202600
8/4/16,105.580002,106,105.279999,105.870003,27408700
8/5/16,106.269997,107.650002,106.18,107.480003,40553400
8/8/16,107.519997,108.370003,107.160004,108.370003,28037200
8/9/16,108.230003,108.940002,108.010002,108.809998,26315200
8/10/16,108.709999,108.900002,107.760002,108,24008500
8/11/16,108.519997,108.93,107.849998,107.93,27484500
8/12/16,107.779999,108.440002,107.779999,108.18,18660400
8/15/16,108.139999,109.540001,108.080002,109.480003,25868200
8/16/16,109.629997,110.230003,109.209999,109.379997,33794400
8/17/16,109.099998,109.370003,108.339996,109.220001,25356000
8/18/16,109.230003,109.599998,109.019997,109.080002,21984700
8/19/16,108.769997,109.690002,108.360001,109.360001,25368100
8/22/16,108.860001,109.099998,107.849998,108.510002,25820200
8/23/16,108.589996,109.32,108.529999,108.849998,21257700
8/24/16,108.57,108.75,107.68,108.029999,23675100
8/25/16,107.389999,107.879997,106.68,107.57,25086200
8/26/16,107.410004,107.949997,106.309998,106.940002,27766300
8/29/16,106.620003,107.440002,106.290001,106.82,24970300
8/30/16,105.800003,106.5,105.5,106,24863900
8/31/16,105.660004,106.57,105.639999,106.099998,29662400
9/1/16,106.139999,106.800003,105.620003,106.730003,26701500
9/2/16,107.699997,108,106.82,107.730003,26802500
9/6/16,107.900002,108.300003,107.510002,107.699997,26880400
9/7/16,107.830002,108.760002,107.07,108.360001,42364300
9/8/16,107.25,107.269997,105.239998,105.519997,53002000
9/9/16,104.639999,105.720001,103.129997,103.129997,46557000
9/12/16,102.650002,105.720001,102.529999,105.440002,45292800
9/13/16,107.510002,108.790001,107.239998,107.949997,62176200
9/14/16,108.730003,113.029999,108.599998,111.769997,110888700
9/15/16,113.860001,115.730003,113.489998,115.57,89983600
9/16/16,115.120003,116.129997,114.040001,114.919998,79886900
9/19/16,115.190002,116.18,113.25,113.580002,47023000
9/20/16,113.050003,114.120003,112.510002,113.57,34514300
9/21/16,113.849998,113.989998,112.440002,113.550003,36003200
9/22/16,114.349998,114.940002,114,114.620003,31074000
9/23/16,114.419998,114.790001,111.550003,112.709999,52481200
9/26/16,111.639999,113.389999,111.550003,112.879997,29869400
9/27/16,113,113.18,112.339996,113.089996,24607400
9/28/16,113.690002,114.639999,113.43,113.949997,29641100
9/29/16,113.160004,113.800003,111.800003,112.18,35887000
9/30/16,112.459999,113.370003,111.800003,113.050003,36379100
10/3/16,112.709999,113.050003,112.279999,112.519997,21701800
10/4/16,113.059998,114.309998,112.629997,113,29736800
10/5/16,113.400002,113.660004,112.690002,113.050003,21453100
10/6/16,113.699997,114.339996,113.129997,113.889999,28779300
10/7/16,114.309998,114.559998,113.510002,114.059998,24358400
10/10/16,115.019997,116.75,114.720001,116.050003,36236000
10/11/16,117.699997,118.690002,116.199997,116.300003,64041000
10/12/16,117.349998,117.980003,116.75,117.339996,37586800
10/13/16,116.790001,117.440002,115.720001,116.980003,35192400
10/14/16,117.879997,118.169998,117.129997,117.629997,35652200
10/17/16,117.330002,117.839996,116.779999,117.550003,23624900
10/18/16,118.18,118.209999,117.449997,117.470001,24553500
10/19/16,117.25,117.760002,113.800003,117.120003,20034600
10/20/16,116.860001,117.379997,116.330002,117.059998,24125800
10/21/16,116.809998,116.910004,116.279999,116.599998,23192700
10/24/16,117.099998,117.739998,117,117.650002,23538700
10/25/16,117.949997,118.360001,117.309998,118.25,48129000
10/26/16,114.309998,115.699997,113.309998,115.589996,66134200
10/27/16,115.389999,115.860001,114.099998,114.480003,34562000
10/28/16,113.870003,115.209999,113.449997,113.720001,37861700
10/31/16,113.650002,114.230003,113.199997,113.540001,26419400
11/1/16,113.459999,113.769997,110.529999,111.489998,43825800
11/2/16,111.400002,112.349998,111.230003,111.589996,28331700
11/3/16,110.980003,111.459999,109.550003,109.830002,26932600
11/4/16,108.529999,110.25,108.110001,108.839996,30837000
11/7/16,110.080002,110.510002,109.459999,110.410004,32560000
11/8/16,110.309998,111.720001,109.699997,111.059998,24254200
11/9/16,109.879997,111.32,108.050003,110.879997,59176400
11/10/16,111.089996,111.089996,105.830002,107.790001,57134500
11/11/16,107.120003,108.870003,106.550003,108.43,34143900
11/14/16,107.709999,107.809998,104.080002,105.709999,51175500
11/15/16,106.57,107.68,106.160004,107.110001,32264500
11/16/16,106.699997,110.230003,106.599998,109.989998,58840500
11/17/16,109.809998,110.349998,108.830002,109.949997,27632000
11/18/16,109.720001,110.540001,109.660004,110.059998,28428900
11/21/16,110.120003,111.989998,110.010002,111.730003,29264600
11/22/16,111.949997,112.419998,111.400002,111.800003,25965500
11/23/16,111.360001,111.510002,110.330002,111.230003,27426400
11/25/16,111.129997,111.870003,110.949997,111.790001,11475900
11/28/16,111.43,112.470001,111.389999,111.57,27194000
11/29/16,110.779999,112.029999,110.07,111.459999,28528800
11/30/16,111.599998,112.199997,110.269997,110.519997,36162300
12/1/16,110.370003,110.940002,109.029999,109.489998,37086900
12/2/16,109.169998,110.089996,108.849998,109.900002,26528000
12/5/16,110,110.029999,108.25,109.110001,34324500
12/6/16,109.5,110.360001,109.190002,109.949997,26195500
12/7/16,109.260002,111.190002,109.160004,111.029999,29998700
12/8/16,110.860001,112.43,110.599998,112.120003,27068300
12/9/16,112.309998,114.699997,112.309998,113.949997,34402600
12/12/16,113.290001,115,112.489998,113.300003,26374400
12/13/16,113.839996,115.919998,113.75,115.190002,43733800
12/14/16,115.040001,116.199997,114.980003,115.190002,34031800
12/15/16,115.379997,116.730003,115.230003,115.82,46524500
12/16/16,116.470001,116.5,115.650002,115.970001,44351100
12/19/16,115.800003,117.379997,115.75,116.639999,27779400
12/20/16,116.739998,117.5,116.68,116.949997,21425000
12/21/16,116.800003,117.400002,116.779999,117.059998,23783200
12/22/16,116.349998,116.510002,115.639999,116.290001,26085900
12/23/16,115.589996,116.519997,115.589996,116.519997,14249500
12/27/16,116.519997,117.800003,116.489998,117.260002,18296900
12/28/16,117.519997,118.019997,116.199997,116.760002,20905900
12/29/16,116.449997,117.110001,116.400002,116.730003,15039500
12/30/16,116.650002,117.199997,115.43,115.82,30586300
1/3/17,115.800003,116.330002,114.760002,116.150002,28781900
1/4/17,115.849998,116.510002,115.75,116.019997,21118100
1/5/17,115.919998,116.860001,115.809998,116.610001,22193600
1/6/17,116.779999,118.160004,116.470001,117.910004,31751900
1/9/17,117.949997,119.43,117.940002,118.989998,33561900
1/10/17,118.769997,119.379997,118.300003,119.110001,24462100
1/11/17,118.739998,119.93,118.599998,119.75,27588600
1/12/17,118.900002,119.300003,118.209999,119.25,27086200
1/13/17,119.110001,119.620003,118.809998,119.040001,26111900
1/17/17,118.339996,120.239998,118.220001,120,34439800
1/18/17,120,120.5,119.709999,119.989998,23713000
1/19/17,119.400002,120.089996,119.370003,119.779999,25597300
1/20/17,120.449997,120.449997,119.730003,120,32597900
1/23/17,120,120.809998,119.769997,120.080002,22050200
1/24/17,119.550003,120.099998,119.5,119.970001,23211000
1/25/17,120.419998,122.099998,120.279999,121.879997,32377600
1/26/17,121.669998,122.440002,121.599998,121.940002,26337600
1/27/17,122.139999,122.349998,121.599998,121.949997,20562900
1/30/17,120.93,121.629997,120.660004,121.629997,30377500
1/31/17,121.150002,121.389999,120.620003,121.349998,49201000
2/1/17,127.029999,130.490005,127.010002,128.75,111985000
2/2/17,127.980003,129.389999,127.779999,128.529999,33710400
2/3/17,128.309998,129.190002,128.160004,129.080002,24507300
2/6/17,129.130005,130.5,128.899994,130.289993,26845900
2/7/17,130.539993,132.089996,130.449997,131.529999,38183800
2/8/17,131.350006,132.220001,131.220001,132.039993,23004100
2/9/17,131.649994,132.449997,131.119995,132.419998,28349900
2/10/17,132.460007,132.940002,132.050003,132.119995,20065500
2/13/17,133.080002,133.820007,132.75,133.289993,23035400
2/14/17,133.470001,135.089996,133.25,135.020004,33226200
2/15/17,135.520004,136.270004,134.619995,135.509995,35623100
2/16/17,135.669998,135.899994,134.839996,135.350006,22584600
2/17/17,135.100006,135.830002,135.100006,135.720001,22198200
2/21/17,136.229996,136.75,135.979996,136.699997,24507200
2/22/17,136.429993,137.119995,136.110001,137.110001,20836900
2/23/17,137.380005,137.479996,136.300003,136.529999,20788200
2/24/17,135.910004,136.660004,135.279999,136.660004,21776600
2/27/17,137.139999,137.440002,136.279999,136.929993,20257400
2/28/17,137.080002,137.440002,136.699997,136.990005,23482900
3/1/17,137.889999,140.149994,137.600006,139.789993,36414600
3/2/17,140,140.279999,138.759995,138.960007,26211000
3/3/17,138.779999,139.830002,138.589996,139.779999,21108100
3/6/17,139.369995,139.770004,138.600006,139.339996,21750000
3/7/17,139.059998,139.979996,138.789993,139.520004,17446300
3/8/17,138.949997,139.800003,138.820007,139,18707200
3/9/17,138.740005,138.789993,137.050003,138.679993,22155900
3/10/17,139.25,139.360001,138.639999,139.139999,19612800
3/13/17,138.850006,139.429993,138.820007,139.199997,17421700
3/14/17,139.300003,139.649994,138.839996,138.990005,15309100
3/15/17,139.410004,140.75,139.029999,140.460007,25691800
3/16/17,140.720001,141.020004,140.259995,140.690002,19232000
3/17/17,141,141,139.889999,139.990005,43885000
3/20/17,140.399994,141.5,140.229996,141.460007,21542000
3/21/17,142.110001,142.800003,139.729996,139.839996,39529900
3/22/17,139.850006,141.600006,139.759995,141.419998,25860200
3/23/17,141.259995,141.580002,140.610001,140.919998,20346300
3/24/17,141.5,141.740005,140.350006,140.639999,22395600
3/27/17,139.389999,141.220001,138.619995,140.880005,23575100
3/28/17,140.910004,144.039993,140.619995,143.800003,33374800
3/29/17,143.679993,144.490005,143.190002,144.119995,29190000
3/30/17,144.190002,144.5,143.5,143.929993,21207300
3/31/17,143.720001,144.270004,143.009995,143.660004,19661700
4/3/17,143.710007,144.119995,143.050003,143.699997,19985700
4/4/17,143.25,144.889999,143.169998,144.770004,19891400
4/5/17,144.220001,145.460007,143.809998,144.020004,27717900
4/6/17,144.289993,144.520004,143.449997,143.660004,21149000
4/7/17,143.729996,144.179993,143.270004,143.339996,16672200
4/10/17,143.600006,143.880005,142.899994,143.169998,18933400
4/11/17,142.940002,143.350006,140.059998,141.630005,30379400
4/12/17,141.600006,142.149994,141.009995,141.800003,20350000
4/13/17,141.910004,142.380005,141.050003,141.050003,17822900
4/17/17,141.479996,141.880005,140.869995,141.830002,16582100
4/18/17,141.410004,142.039993,141.110001,141.199997,14697500
4/19/17,141.880005,142,140.449997,140.679993,17328400
4/20/17,141.220001,142.919998,141.160004,142.440002,23319600
4/21/17,142.440002,142.679993,141.850006,142.270004,17320900
4/24/17,143.5,143.949997,143.179993,143.639999,17134300
4/25/17,143.910004,144.899994,143.869995,144.529999,18871500
4/26/17,144.470001,144.600006,143.380005,143.679993,20041200
4/27/17,143.919998,144.160004,143.309998,143.789993,14246300
4/28/17,144.089996,144.300003,143.270004,143.649994,20860400
5/1/17,145.100006,147.199997,144.960007,146.580002,33602900
5/2/17,147.539993,148.089996,146.839996,147.509995,45352200
5/3/17,145.589996,147.490005,144.270004,147.059998,45697000
5/4/17,146.520004,147.139999,145.809998,146.529999,23371900
5/5/17,146.759995,148.979996,146.759995,148.960007,27327700
5/8/17,149.029999,153.699997,149.029999,153.009995,48752400
5/9/17,153.869995,154.880005,153.449997,153.990005,39130400
5/10/17,153.630005,153.940002,152.110001,153.259995,25805700
5/11/17,152.449997,154.070007,152.309998,153.949997,27255100
5/12/17,154.699997,156.419998,154.669998,156.100006,32527000
5/15/17,156.009995,156.649994,155.050003,155.699997,26009700
5/16/17,155.940002,156.059998,154.720001,155.470001,20048500
5/17/17,153.600006,154.570007,149.710007,150.25,50767700
5/18/17,151.270004,153.339996,151.130005,152.539993,33568200
5/19/17,153.380005,153.979996,152.630005,153.059998,26960800
5/22/17,154,154.580002,152.910004,153.990005,22966400
5/23/17,154.899994,154.899994,153.309998,153.800003,19918900
5/24/17,153.839996,154.169998,152.669998,153.339996,19178000
5/25/17,153.729996,154.350006,153.029999,153.869995,19235600
5/26/17,154,154.240005,153.309998,153.610001,21927600
5/30/17,153.419998,154.429993,153.330002,153.669998,20126900
5/31/17,153.970001,154.169998,152.380005,152.759995,24451200
6/1/17,153.169998,153.330002,152.220001,153.179993,16404100
6/2/17,153.580002,155.449997,152.889999,155.449997,27770700
6/5/17,154.339996,154.449997,153.460007,153.929993,25331700
6/6/17,153.899994,155.809998,153.779999,154.449997,26624900
6/7/17,155.020004,155.979996,154.479996,155.369995,21069600
6/8/17,155.25,155.539993,154.399994,154.990005,21250800
6/9/17,155.190002,155.190002,146.020004,148.979996,64882700
6/12/17,145.740005,146.089996,142.509995,145.419998,72307300
6/13/17,147.160004,147.449997,145.149994,146.589996,34165400
6/14/17,147.5,147.5,143.839996,145.160004,31531200
6/15/17,143.320007,144.479996,142.210007,144.289993,32165400
6/16/17,143.779999,144.5,142.199997,142.270004,50361100
6/19/17,143.660004,146.740005,143.660004,146.339996,32541400
6/20/17,146.869995,146.869995,144.940002,145.009995,24900100
6/21/17,145.520004,146.070007,144.610001,145.869995,21265800
6/22/17,145.770004,146.699997,145.119995,145.630005,19106300
6/23/17,145.130005,147.160004,145.110001,146.279999,35439400
6/26/17,147.169998,148.279999,145.380005,145.820007,25692400
6/27/17,145.009995,146.160004,143.619995,143.729996,24761900
6/28/17,144.490005,146.110001,143.160004,145.830002,22082400
6/29/17,144.710007,145.130005,142.279999,143.679993,31499400
6/30/17,144.449997,144.960007,143.779999,144.020004,23024100
7/3/17,144.880005,145.300003,143.100006,143.5,14277800
7/5/17,143.690002,144.789993,142.720001,144.089996,21569600
7/6/17,143.020004,143.5,142.410004,142.729996,24128800
7/7/17,142.899994,144.75,142.899994,144.179993,19201700
7/10/17,144.110001,145.949997,143.369995,145.059998,21090600
7/11/17,144.729996,145.850006,144.380005,145.529999,19781800
7/12/17,145.869995,146.179993,144.820007,145.740005,24884500
7/13/17,145.5,148.490005,145.440002,147.770004,25199400
7/14/17,147.970001,149.330002,147.330002,149.039993,20132100
7/17/17,148.820007,150.899994,148.570007,149.559998,23793500
7/18/17,149.199997,150.130005,148.669998,150.080002,17868800
7/19/17,150.479996,151.419998,149.949997,151.020004,20923000
7/20/17,151.5,151.740005,150.190002,150.339996,17243700
7/21/17,149.990005,150.440002,148.880005,150.270004,26252600
7/24/17,150.580002,152.440002,149.899994,152.089996,21493200
7/25/17,151.800003,153.839996,151.800003,152.740005,18853900
7/26/17,153.350006,153.929993,153.059998,153.460007,15781000
7/27/17,153.75,153.990005,147.300003,150.559998,32476300
7/28/17,149.889999,150.229996,149.190002,149.5,17213700
7/31/17,149.899994,150.330002,148.130005,148.729996,19845900
8/1/17,149.100006,150.220001,148.410004,150.050003,35368600
8/2/17,159.279999,159.75,156.160004,157.139999,69936800
8/3/17,157.050003,157.210007,155.020004,155.570007,27097300
8/4/17,156.070007,157.399994,155.690002,156.389999,20559900
8/7/17,157.059998,158.919998,156.669998,158.809998,21870300
8/8/17,158.600006,161.830002,158.270004,160.080002,36205900
8/9/17,159.259995,161.270004,159.110001,161.059998,26131500
8/10/17,159.899994,160,154.630005,155.320007,40804300
8/11/17,156.600006,158.570007,156.070007,157.479996,26257100
8/14/17,159.320007,160.210007,158.75,159.850006,22122700
8/15/17,160.660004,162.199997,160.139999,161.600006,29465500
8/16/17,161.940002,162.509995,160.149994,160.949997,27671600
8/17/17,160.520004,160.710007,157.839996,157.860001,27940600
8/18/17,157.860001,159.5,156.720001,157.5,27428100
8/21/17,157.5,157.889999,155.110001,157.210007,26368500
8/22/17,158.229996,160,158.020004,159.779999,21604600
8/23/17,159.070007,160.470001,158.880005,159.979996,19399100
8/24/17,160.429993,160.740005,158.550003,159.270004,19818900
8/25/17,159.649994,160.559998,159.270004,159.860001,25480100
8/28/17,160.139999,162,159.929993,161.470001,25966000
8/29/17,160.100006,163.119995,160,162.910004,29516900
8/30/17,163.800003,163.889999,162.610001,163.350006,27269600
8/31/17,163.639999,164.520004,163.479996,164,26785100
9/1/17,164.800003,164.940002,163.630005,164.050003,16591100
9/5/17,163.75,164.25,160.559998,162.080002,29468500
9/6/17,162.710007,162.990005,160.520004,161.910004,21651700
9/7/17,162.089996,162.240005,160.360001,161.259995,21928500
9/8/17,160.860001,161.149994,158.529999,158.630005,28611500
9/11/17,160.5,162.050003,159.889999,161.5,31580800
9/12/17,162.610001,163.960007,158.770004,160.860001,71714000
9/13/17,159.869995,159.960007,157.910004,159.649994,44907400
9/14/17,158.990005,159.399994,158.089996,158.279999,23760700
9/15/17,158.470001,160.970001,158,159.880005,49114600
9/18/17,160.110001,160.5,158,158.669998,28269400
9/19/17,159.509995,159.770004,158.440002,158.729996,20810600
9/20/17,157.899994,158.259995,153.830002,156.070007,52951400
9/21/17,155.800003,155.800003,152.75,153.389999,37511700
9/22/17,151.539993,152.270004,150.559998,151.889999,46645400
9/25/17,149.990005,151.830002,149.160004,150.550003,44387300
9/26/17,151.779999,153.919998,151.690002,153.139999,36660000
9/27/17,153.800003,154.720001,153.539993,154.229996,25504200
9/28/17,153.889999,154.279999,152.699997,153.279999,22005500
9/29/17,153.210007,154.130005,152,154.119995,26299800
10/2/17,154.259995,154.449997,152.720001,153.809998,18698800
10/3/17,154.009995,155.089996,153.910004,154.479996,16230300
10/4/17,153.630005,153.860001,152.460007,153.479996,20163800
10/5/17,154.179993,155.440002,154.050003,155.389999,21283800
10/6/17,154.970001,155.490005,154.559998,155.300003,17407600
10/9/17,155.809998,156.729996,155.490005,155.839996,16262900
10/10/17,156.059998,158,155.100006,155.899994,15617000
10/11/17,155.970001,156.979996,155.75,156.550003,16905600
10/12/17,156.350006,157.369995,155.729996,156,16125100
10/13/17,156.729996,157.279999,156.410004,156.990005,16394200
10/16/17,157.899994,160,157.649994,159.880005,24121500
10/17/17,159.779999,160.869995,159.229996,160.470001,18997300
10/18/17,160.419998,160.710007,159.600006,159.759995,16374200
10/19/17,156.75,157.080002,155.020004,155.979996,42584200
10/20/17,156.610001,157.75,155.960007,156.25,23974100
10/23/17,156.889999,157.690002,155.5,156.169998,21984300
10/24/17,156.289993,157.419998,156.199997,157.100006,17757200
10/25/17,156.910004,157.550003,155.270004,156.410004,21207100
10/26/17,157.229996,157.830002,156.779999,157.410004,17000500
10/27/17,159.289993,163.600006,158.699997,163.050003,44454200
10/30/17,163.889999,168.070007,163.720001,166.720001,44700800
10/31/17,167.899994,169.649994,166.940002,169.039993,36046800
11/1/17,169.869995,169.940002,165.610001,166.889999,33637800
11/2/17,166.600006,168.5,165.279999,168.110001,41393400
11/3/17,174,174.259995,171.119995,172.5,59398600
11/6/17,172.369995,174.990005,171.720001,174.25,35026300
11/7/17,173.910004,175.25,173.600006,174.809998,24361500
11/8/17,174.660004,176.240005,174.330002,176.240005,24409500
11/9/17,175.110001,176.100006,173.139999,175.880005,29482600
11/10/17,175.110001,175.380005,174.270004,174.669998,25145500
11/13/17,173.5,174.5,173.399994,173.970001,16982100
11/14/17,173.039993,173.479996,171.179993,171.339996,24782500
11/15/17,169.970001,170.320007,168.380005,169.080002,29158100
11/16/17,171.179993,171.869995,170.300003,171.100006,23637500
11/17/17,171.039993,171.389999,169.639999,170.149994,21899500
11/20/17,170.289993,170.559998,169.559998,169.979996,16262400
11/21/17,170.779999,173.699997,170.779999,173.139999,25131300
11/22/17,173.360001,175,173.050003,174.960007,25588900
11/24/17,175.100006,175.5,174.649994,174.970001,14026700
11/27/17,175.050003,175.080002,173.339996,174.089996,20716800
11/28/17,174.300003,174.869995,171.860001,173.070007,26428800
11/29/17,172.630005,172.919998,167.160004,169.479996,41666400
11/30/17,170.429993,172.139999,168.440002,171.850006,41527200
12/1/17,169.949997,171.669998,168.5,171.050003,39759300
12/4/17,172.479996,172.619995,169.630005,169.800003,32542400
12/5/17,169.059998,171.520004,168.399994,169.639999,27350200
12/6/17,167.5,170.199997,166.460007,169.009995,28560000
12/7/17,169.029999,170.440002,168.910004,169.320007,25673300
12/8/17,170.490005,171,168.820007,169.369995,23355200
12/11/17,169.199997,172.889999,168.789993,172.669998,35273800
12/12/17,172.149994,172.389999,171.460007,171.699997,19409200
12/13/17,172.5,173.539993,172,172.270004,23818400
12/14/17,172.399994,173.130005,171.649994,172.220001,20476500
12/15/17,173.630005,174.169998,172.460007,173.970001,40169300
12/18/17,174.880005,177.199997,174.860001,176.419998,29421100
12/19/17,175.029999,175.389999,174.089996,174.539993,27436400
12/20/17,174.869995,175.419998,173.25,174.350006,23475600
12/21/17,174.169998,176.020004,174.100006,175.009995,20949900
12/22/17,174.679993,175.419998,174.5,175.009995,16349400
12/26/17,170.800003,171.470001,169.679993,170.570007,33185500
12/27/17,170.100006,170.779999,169.710007,170.600006,21498200
12/28/17,171,171.850006,170.479996,171.080002,16480200
12/29/17,170.520004,170.589996,169.220001,169.229996,25999900
1/2/18,170.160004,172.300003,169.259995,172.259995,25555900
1/3/18,172.529999,174.550003,171.960007,172.229996,29517900
1/4/18,172.539993,173.470001,172.080002,173.029999,22434600
1/5/18,173.440002,175.369995,173.050003,175,23660000
1/8/18,174.350006,175.610001,173.929993,174.350006,20567800
1/9/18,174.550003,175.059998,173.410004,174.330002,21584000
1/10/18,173.160004,174.300003,173,174.289993,23959900
1/11/18,174.589996,175.490005,174.490005,175.279999,18667700
1/12/18,176.179993,177.360001,175.649994,177.089996,25418100
1/16/18,177.899994,179.389999,176.139999,176.190002,29565900
1/17/18,176.149994,179.25,175.070007,179.100006,34386800
1/18/18,179.369995,180.100006,178.25,179.259995,31193400
1/19/18,178.610001,179.580002,177.410004,178.460007,32425100
1/22/18,177.300003,177.779999,176.600006,177,27108600
1/23/18,177.300003,179.440002,176.820007,177.039993,32689100
1/24/18,177.25,177.300003,173.199997,174.220001,51105100
1/25/18,174.509995,174.949997,170.529999,171.110001,41529000
1/26/18,172,172,170.059998,171.509995,39143000
1/29/18,170.160004,170.160004,167.070007,167.960007,50640400
1/30/18,165.529999,167.369995,164.699997,166.970001,46048200
1/31/18,166.869995,168.440002,166.5,167.429993,32478900
2/1/18,167.169998,168.619995,166.759995,167.779999,47230800
2/2/18,166,166.800003,160.100006,160.5,86593800
2/5/18,159.100006,163.880005,156,156.490005,72738500
2/6/18,154.830002,163.720001,154,163.029999,68243800
2/7/18,163.089996,163.399994,159.070007,159.539993,51608600
2/8/18,160.289993,161,155.029999,155.149994,54390500
2/9/18,157.070007,157.889999,150.240005,156.410004,70672600
2/12/18,158.5,163.889999,157.509995,162.710007,60819500
2/13/18,161.949997,164.75,161.649994,164.339996,32549200
2/14/18,163.039993,167.539993,162.880005,167.369995,40644900
2/15/18,169.789993,173.089996,169,172.990005,51147200
2/16/18,172.360001,174.820007,171.770004,172.429993,40176100
2/20/18,172.050003,174.259995,171.419998,171.850006,33930500
2/21/18,172.830002,174.119995,171.009995,171.070007,37471600
2/22/18,171.800003,173.949997,171.710007,172.5,30991900
2/23/18,173.669998,175.649994,173.539993,175.5,33812400
2/26/18,176.350006,179.389999,176.210007,178.970001,38162200
2/27/18,179.100006,180.479996,178.160004,178.389999,38928100
2/28/18,179.259995,180.619995,178.050003,178.119995,37782100
3/1/18,178.539993,179.779999,172.660004,175,48802000
3/2/18,172.800003,176.300003,172.449997,176.210007,38454000
3/5/18,175.210007,177.740005,174.520004,176.820007,28401400
3/6/18,177.910004,178.25,176.130005,176.669998,23788500
3/7/18,174.940002,175.850006,174.270004,175.029999,31703500
3/8/18,175.479996,177.119995,175.070007,176.940002,23774100
3/9/18,177.960007,180,177.389999,179.979996,32185200
3/12/18,180.289993,182.389999,180.210007,181.720001,32207100
3/13/18,182.589996,183.5,179.240005,179.970001,31693500
3/14/18,180.320007,180.520004,177.809998,178.440002,29368400
3/15/18,178.5,180.240005,178.070007,178.649994,22743800
3/16/18,178.649994,179.119995,177.619995,178.020004,39404700
3/19/18,177.320007,177.470001,173.660004,175.300003,33446800
3/20/18,175.240005,176.800003,174.940002,175.240005,19649400
3/21/18,175.039993,175.089996,171.259995,171.270004,37054900
3/22/18,170,172.679993,168.600006,168.850006,41490800
3/23/18,168.389999,169.919998,164.940002,164.940002,41028800
3/26/18,168.070007,173.100006,166.440002,172.770004,37541200
3/27/18,173.679993,175.149994,166.919998,168.339996,40922600
3/28/18,167.25,170.020004,165.190002,166.479996,41668500
3/29/18,167.809998,171.75,166.899994,167.779999,38398500
4/2/18,166.639999,168.940002,164.470001,166.679993,37586800
4/3/18,167.639999,168.75,164.880005,168.389999,30278000
4/4/18,164.880005,172.009995,164.770004,171.610001,34605500
4/5/18,172.580002,174.229996,172.080002,172.800003,26933200
4/6/18,170.970001,172.479996,168.199997,168.380005,35005300
4/9/18,169.880005,173.089996,169.850006,170.050003,29017700
4/10/18,173,174,171.529999,173.25,28408600
4/11/18,172.229996,173.919998,171.699997,172.440002,22431600
4/12/18,173.410004,175,173.039993,174.139999,22889300
4/13/18,174.779999,175.839996,173.850006,174.729996,25124300
4/16/18,175.029999,176.190002,174.830002,175.820007,21578400
4/17/18,176.490005,178.940002,176.410004,178.240005,26605400
4/18/18,177.809998,178.820007,176.880005,177.839996,20754500
4/19/18,173.759995,175.389999,172.660004,172.800003,34808800
4/20/18,170.600006,171.220001,165.429993,165.720001,65491100
4/23/18,166.830002,166.919998,164.089996,165.240005,36515500
4/24/18,165.669998,166.330002,161.220001,162.940002,33692000
4/25/18,162.619995,165.419998,162.410004,163.649994,28382100
4/26/18,164.119995,165.729996,163.369995,164.220001,27963000
4/27/18,164,164.330002,160.630005,162.320007,35655800
4/30/18,162.130005,167.259995,161.839996,165.259995,42427400
5/1/18,166.410004,169.199997,165.270004,169.100006,53569400
5/2/18,175.229996,177.75,173.800003,176.570007,66539400
5/3/18,175.880005,177.5,174.440002,176.889999,34068200
5/4/18,178.25,184.25,178.169998,183.830002,56201300
5/7/18,185.179993,187.669998,184.75,185.160004,42451400
5/8/18,184.990005,186.220001,183.669998,186.050003,28402800
5/9/18,186.550003,187.399994,185.220001,187.360001,23211200
5/10/18,187.740005,190.369995,187.649994,190.039993,27989300
5/11/18,189.490005,190.059998,187.449997,188.589996,26212200
5/14/18,189.009995,189.529999,187.860001,188.149994,20778800
5/15/18,186.779999,187.070007,185.100006,186.440002,23695200
5/16/18,186.070007,188.460007,186,188.179993,19183100
5/17/18,188,188.910004,186.360001,186.990005,17294000
5/18/18,187.190002,187.809998,186.130005,186.309998,18297700
5/21/18,188,189.270004,186.910004,187.630005,18400800
5/22/18,188.380005,188.880005,186.779999,187.160004,15240700
5/23/18,186.350006,188.5,185.759995,188.360001,20058400
5/24/18,188.770004,188.839996,186.210007,188.149994,23234000
5/25/18,188.229996,189.649994,187.649994,188.580002,17461000
5/29/18,187.600006,188.75,186.869995,187.899994,22514100
5/30/18,187.720001,188,186.779999,187.5,18690500
5/31/18,187.220001,188.229996,186.139999,186.869995,27482800
6/1/18,187.990005,190.259995,187.75,190.240005,23442500
6/4/18,191.639999,193.419998,191.350006,191.830002,26266200
6/5/18,193.070007,193.940002,192.360001,193.309998,21566000
6/6/18,193.630005,194.080002,191.919998,193.979996,20933600
6/7/18,194.139999,194.199997,192.339996,193.460007,21347200
6/8/18,191.169998,192,189.770004,191.699997,26656800
6/11/18,191.350006,191.970001,190.210007,191.229996,18308500
6/12/18,191.389999,192.610001,191.149994,192.279999,16911100
6/13/18,192.419998,192.880005,190.440002,190.699997,21638400
6/14/18,191.550003,191.570007,190.220001,190.800003,21610100
6/15/18,190.029999,190.160004,188.259995,188.839996,61719200
6/18/18,187.880005,189.220001,187.199997,188.740005,18484900
6/19/18,185.139999,186.330002,183.449997,185.690002,33578500
6/20/18,186.350006,187.199997,185.729996,186.5,20628700
6/21/18,187.25,188.350006,184.940002,185.460007,25711900
6/22/18,186.119995,186.149994,184.699997,184.919998,27200400
6/25/18,183.399994,184.919998,180.729996,182.169998,31663100
6/26/18,182.990005,186.529999,182.539993,184.429993,24569200
6/27/18,185.229996,187.279999,184.029999,184.160004,25285300
6/28/18,184.100006,186.210007,183.800003,185.5,17365200
6/29/18,186.289993,187.190002,182.910004,185.110001,22737700
7/2/18,183.820007,187.300003,183.419998,187.179993,17731300
7/3/18,187.789993,187.949997,183.539993,183.919998,13954800
7/5/18,185.259995,186.410004,184.279999,185.399994,16604200
7/6/18,185.419998,188.429993,185.199997,187.970001,17485200
7/9/18,189.5,190.679993,189.300003,190.580002,19756600
7/10/18,190.710007,191.279999,190.179993,190.350006,15939100
7/11/18,188.5,189.779999,187.610001,187.880005,18831500
7/12/18,189.529999,191.410004,189.309998,191.029999,18041100
7/13/18,191.080002,191.839996,190.899994,191.330002,12513900
7/16/18,191.520004,192.649994,190.419998,190.910004,15043100
7/17/18,189.75,191.869995,189.199997,191.449997,15534500
7/18/18,191.779999,191.800003,189.929993,190.399994,16393400
7/19/18,189.690002,192.550003,189.690002,191.880005,20286800
7/20/18,191.779999,192.429993,190.169998,191.440002,20676200
7/23/18,190.679993,191.960007,189.559998,191.610001,15989400
7/24/18,192.449997,193.660004,192.050003,193,18697900
7/25/18,193.059998,194.850006,192.429993,194.820007,16709900
7/26/18,194.610001,195.960007,193.610001,194.210007,19076000
7/27/18,194.990005,195.190002,190.100006,190.979996,24024000
7/30/18,191.899994,192.199997,189.070007,189.910004,21029500
7/31/18,190.300003,192.139999,189.339996,190.289993,39373000
8/1/18,199.130005,201.759995,197.309998,201.5,67935700
8/2/18,200.580002,208.380005,200.350006,207.389999,62404000
8/3/18,207.029999,208.740005,205.479996,207.990005,33447400
8/6/18,208,209.25,207.070007,209.070007,25425400
8/7/18,209.320007,209.5,206.759995,207.110001,25587400
8/8/18,206.050003,207.809998,204.520004,207.25,22525500
8/9/18,209.529999,209.779999,207.199997,208.880005,23492600
8/10/18,207.360001,209.100006,206.669998,207.529999,24611200
8/13/18,209.309998,210.949997,207.699997,208.869995,25890900
8/14/18,210.160004,210.559998,208.259995,209.75,20748000
8/15/18,209.220001,210.740005,208.330002,210.240005,28807600
8/16/18,211.75,213.809998,211.470001,213.320007,28500400
8/17/18,213.440002,217.949997,213.160004,217.580002,35427000
8/20/18,218.100006,219.179993,215.110001,215.460007,30287700
8/21/18,216.800003,217.190002,214.029999,215.039993,26159800
8/22/18,214.100006,216.360001,213.839996,215.050003,19018100
8/23/18,214.649994,217.050003,214.600006,215.490005,18883200
8/24/18,216.600006,216.899994,215.110001,216.160004,18476400
8/27/18,217.149994,218.740005,216.330002,217.940002,20525100
8/28/18,219.009995,220.539993,218.919998,219.699997,22776800
8/29/18,220.149994,223.490005,219.410004,222.979996,27254800
8/30/18,223.25,228.259995,222.399994,225.029999,48793800
8/31/18,226.509995,228.869995,226,227.630005,43340100
9/4/18,228.410004,229.179993,226.630005,228.360001,27390100
9/5/18,228.990005,229.669998,225.100006,226.869995,33333000
9/6/18,226.229996,227.350006,221.300003,223.100006,34290000
9/7/18,221.850006,225.369995,220.710007,221.300003,37619800
9/10/18,220.949997,221.850006,216.470001,218.330002,39516500
9/11/18,218.009995,224.300003,216.559998,223.850006,35749000
9/12/18,224.940002,225,219.839996,221.070007,49278700
9/13/18,223.520004,228.350006,222.570007,226.410004,41706400
9/14/18,225.75,226.839996,222.520004,223.839996,31999300
9/17/18,222.149994,222.949997,217.270004,217.880005,37195100
9/18/18,217.789993,221.850006,217.119995,218.240005,31571700
9/19/18,218.5,219.619995,215.300003,218.369995,27123800
9/20/18,220.240005,222.279999,219.149994,220.029999,26608800
9/21/18,220.779999,221.360001,217.289993,217.660004,96246700
9/24/18,216.820007,221.259995,216.630005,220.789993,27693400
9/25/18,219.75,222.820007,219.699997,222.190002,24554400
9/26/18,221,223.75,219.759995,220.419998,23984700
9/27/18,223.820007,226.440002,223.539993,224.949997,30181200
9/28/18,224.789993,225.839996,224.020004,225.740005,22929400
10/1/18,227.949997,229.419998,226.350006,227.259995,23600800
10/2/18,227.25,230,226.630005,229.279999,24788200
10/3/18,230.050003,233.470001,229.779999,232.070007,28654800
10/4/18,230.779999,232.350006,226.729996,227.990005,32042000
10/5/18,227.960007,228.410004,220.580002,224.289993,33580500
10/8/18,222.210007,224.800003,220.199997,223.770004,29663900
10/9/18,223.639999,227.270004,222.25,226.869995,26891000
10/10/18,225.460007,226.350006,216.050003,216.360001,41990600
10/11/18,214.520004,219.5,212.320007,214.449997,53124400
10/12/18,220.419998,222.880005,216.839996,222.110001,40337900
10/15/18,221.160004,221.830002,217.270004,217.360001,30791000
10/16/18,218.929993,222.990005,216.759995,222.149994,29184000
10/17/18,222.300003,222.639999,219.339996,221.190002,22885400
10/18/18,217.860001,219.740005,213,216.020004,32581300
10/19/18,218.059998,221.259995,217.429993,219.309998,33078700
10/22/18,219.789993,223.360001,218.940002,220.649994,28792100
10/23/18,215.830002,223.25,214.699997,222.729996,38767800
10/24/18,222.600006,224.229996,214.539993,215.089996,40925500
10/25/18,217.710007,221.380005,216.75,219.800003,29855800
10/26/18,215.899994,220.190002,212.669998,216.300003,47258400
10/29/18,219.190002,219.690002,206.089996,212.240005,45935500
10/30/18,211.149994,215.179993,209.270004,213.300003,36660000
10/31/18,216.880005,220.449997,216.619995,218.860001,38358900
11/1/18,219.050003,222.360001,216.809998,222.220001,58323200
11/2/18,209.550003,213.649994,205.429993,207.479996,91328700
11/5/18,204.300003,204.389999,198.169998,201.589996,66163700
11/6/18,201.919998,204.720001,201.690002,203.770004,31882900
11/7/18,205.970001,210.059998,204.130005,209.949997,33424400
11/8/18,209.979996,210.119995,206.75,208.490005,25362600
11/9/18,205.550003,206.009995,202.25,204.470001,34365800
11/12/18,199,199.850006,193.789993,194.169998,51135500
11/13/18,191.630005,197.179993,191.449997,192.229996,46882900
11/14/18,193.899994,194.479996,185.929993,186.800003,60801000
11/15/18,188.389999,191.970001,186.899994,191.410004,46478800
11/16/18,190.5,194.970001,189.460007,193.529999,36928300
11/19/18,190,190.699997,184.990005,185.860001,41925300
11/20/18,178.369995,181.470001,175.509995,176.979996,67825200
11/21/18,179.729996,180.270004,176.550003,176.779999,31124200
11/23/18,174.940002,176.600006,172.100006,172.289993,23624000
11/26/18,174.240005,174.949997,170.259995,174.619995,44998500
11/27/18,171.509995,174.770004,170.880005,174.240005,41387400
11/28/18,176.729996,181.289993,174.929993,180.940002,46062500
11/29/18,182.660004,182.800003,177.699997,179.550003,41770000
11/30/18,180.289993,180.330002,177.029999,178.580002,39531500
12/3/18,184.460007,184.940002,181.210007,184.820007,40802500
12/4/18,180.949997,182.389999,176.270004,176.690002,41344300
12/6/18,171.759995,174.779999,170.419998,174.720001,43098400
12/7/18,173.490005,174.490005,168.300003,168.490005,42281600
12/10/18,165,170.089996,163.330002,169.600006,62026000
12/11/18,171.660004,171.789993,167,168.630005,47281700
12/12/18,170.399994,171.919998,169.020004,169.100006,35627700
12/13/18,170.490005,172.570007,169.550003,170.949997,31898600
12/14/18,169,169.080002,165.279999,165.479996,40703700
12/17/18,165.449997,168.350006,162.729996,163.940002,44287900
12/18/18,165.380005,167.529999,164.389999,166.070007,33841500
12/19/18,166,167.449997,159.089996,160.889999,49047300
12/20/18,160.399994,162.110001,155.300003,156.830002,64773000
12/21/18,156.860001,158.160004,149.630005,150.729996,95744600
12/24/18,148.149994,151.550003,146.589996,146.830002,37169200
12/26/18,148.300003,157.229996,146.720001,157.169998,58582500
12/27/18,155.839996,156.770004,150.070007,156.149994,53117100
12/28/18,157.5,158.520004,154.550003,156.229996,42291400
12/31/18,158.529999,159.360001,156.479996,157.740005,35003500
1/2/19,154.889999,158.850006,154.229996,157.919998,37039700
1/3/19,143.979996,145.720001,142,142.190002,91312200
1/4/19,144.529999,148.550003,143.800003,148.259995,58607100
1/7/19,148.699997,148.830002,145.899994,147.929993,54777800
1/8/19,149.559998,151.820007,148.520004,150.75,41025300
1/9/19,151.289993,154.529999,149.630005,153.309998,45099100
1/10/19,152.5,153.970001,150.860001,153.800003,35780700
1/11/19,152.880005,153.699997,151.509995,152.289993,27023200
1/14/19,150.850006,151.270004,149.220001,150,32439200
1/15/19,150.270004,153.389999,150.050003,153.070007,28710900
1/16/19,153.080002,155.880005,153,154.940002,30569700
1/17/19,154.199997,157.660004,153.259995,155.860001,29821200
1/18/19,157.5,157.880005,155.979996,156.820007,33751000
1/22/19,156.410004,156.729996,152.619995,153.300003,30394000
1/23/19,154.149994,155.139999,151.699997,153.919998,23130600
1/24/19,154.110001,154.479996,151.740005,152.699997,25441500
1/25/19,155.479996,158.130005,154.320007,157.759995,33535500
1/28/19,155.789993,156.330002,153.660004,156.300003,26192100
1/29/19,156.25,158.130005,154.110001,154.679993,41587200
1/30/19,163.25,166.149994,160.229996,165.25,61109800
1/31/19,166.110001,169,164.559998,166.440002,40739600
2/1/19,166.960007,168.979996,165.929993,166.520004,32668100
2/4/19,167.410004,171.660004,167.279999,171.25,31495500
2/5/19,172.860001,175.080002,172.350006,174.179993,36101600
2/6/19,174.649994,175.570007,172.850006,174.240005,28239600
2/7/19,172.399994,173.940002,170.339996,170.940002,31741700
2/8/19,168.990005,170.660004,168.419998,170.410004,23820000
2/11/19,171.050003,171.210007,169.25,169.429993,20993400
2/12/19,170.100006,171,169.699997,170.889999,22283500
2/13/19,171.389999,172.479996,169.919998,170.179993,22490200
2/14/19,169.710007,171.259995,169.380005,170.800003,21835700
2/15/19,171.25,171.699997,169.75,170.419998,24626800
2/19/19,169.710007,171.440002,169.490005,170.929993,18972800
2/20/19,171.190002,173.320007,170.990005,172.029999,26114400
2/21/19,171.800003,172.369995,170.300003,171.059998,17249700
2/22/19,171.580002,173,171.380005,172.970001,18913200
2/25/19,174.160004,175.869995,173.949997,174.229996,21873400
2/26/19,173.710007,175.300003,173.169998,174.330002,17070200
2/27/19,173.210007,175,172.729996,174.869995,27835400
2/28/19,174.320007,174.910004,172.919998,173.149994,28215400
3/1/19,174.279999,175.149994,172.889999,174.970001,25886200
3/4/19,175.690002,177.75,173.970001,175.850006,27436200
3/5/19,175.940002,176,174.539993,175.529999,19737400
3/6/19,174.669998,175.490005,173.940002,174.520004,20810400
3/7/19,173.869995,174.440002,172.020004,172.5,24796400
3/8/19,170.320007,173.070007,169.5,172.910004,23999400
3/11/19,175.490005,179.119995,175.350006,178.899994,32011000
3/12/19,180,182.669998,179.369995,180.910004,32467600
3/13/19,182.25,183.300003,180.919998,181.710007,31032500
3/14/19,183.899994,184.100006,182.559998,183.729996,23579500
3/15/19,184.850006,187.330002,183.740005,186.119995,39042900
3/18/19,185.800003,188.389999,185.789993,188.020004,26219800
3/19/19,188.350006,188.990005,185.919998,186.529999,31646400
3/20/19,186.229996,189.490005,184.729996,188.160004,31035200
3/21/19,190.020004,196.330002,189.809998,195.089996,51034200
3/22/19,195.339996,197.690002,190.779999,191.050003,42407700
3/25/19,191.509995,191.979996,186.600006,188.740005,43845300
3/26/19,191.660004,192.880005,184.580002,186.789993,49800500
3/27/19,188.75,189.759995,186.550003,188.470001,29848400
3/28/19,188.949997,189.559998,187.529999,188.720001,20780400
3/29/19,189.830002,190.080002,188.539993,189.949997,23564000
4/1/19,191.639999,191.679993,188.380005,191.240005,27862000
4/2/19,191.089996,194.460007,191.050003,194.020004,22765700
4/3/19,193.25,196.5,193.149994,195.350006,23271800
4/4/19,194.789993,196.369995,193.139999,195.690002,19114300
4/5/19,196.449997,197.100006,195.929993,197,18526600
4/8/19,196.419998,200.229996,196.339996,200.100006,25881700
4/9/19,200.320007,202.850006,199.229996,199.5,35768200
4/10/19,198.679993,200.740005,198.179993,200.619995,21695300
4/11/19,200.850006,201,198.440002,198.949997,20900800
4/12/19,199.199997,200.139999,196.210007,198.869995,27760700
4/15/19,198.580002,199.850006,198.009995,199.229996,17536600
4/16/19,199.460007,201.369995,198.559998,199.25,25696400
4/17/19,199.539993,203.380005,198.610001,203.130005,28906800
4/18/19,203.119995,204.149994,202.520004,203.860001,24195800
4/22/19,202.830002,204.940002,202.339996,204.529999,19439500
4/23/19,204.429993,207.75,203.899994,207.479996,23323000
4/24/19,207.360001,208.479996,207.050003,207.160004,17540600
4/25/19,206.830002,207.759995,205.119995,205.279999,18543200
4/26/19,204.899994,205,202.119995,204.300003,18649100
4/29/19,204.399994,205.970001,203.860001,204.610001,22204700
4/30/19,203.059998,203.399994,199.110001,200.669998,46534900
5/1/19,209.880005,215.309998,209.229996,210.520004,64827300
5/2/19,209.839996,212.649994,208.130005,209.149994,31996300
5/3/19,210.889999,211.839996,210.229996,211.75,20892400
5/6/19,204.289993,208.839996,203.5,208.479996,32443100
5/7/19,205.880005,207.419998,200.830002,202.860001,38763700
5/8/19,201.899994,205.339996,201.75,202.899994,26339500
5/9/19,200.399994,201.679993,196.660004,200.720001,34908600
5/10/19,197.419998,198.850006,192.770004,197.179993,41208700
5/13/19,187.710007,189.479996,182.850006,185.720001,57430600
5/14/19,186.410004,189.699997,185.410004,188.660004,36529700
5/15/19,186.270004,191.75,186.020004,190.919998,26544700
5/16/19,189.910004,192.470001,188.839996,190.080002,33031400
5/17/19,186.929993,190.899994,186.759995,189,32879100
5/20/19,183.520004,184.350006,180.279999,183.089996,38612300
5/21/19,185.220001,188,184.699997,186.600006,28364800
5/22/19,184.660004,185.710007,182.550003,182.779999,29748600
5/23/19,179.800003,180.539993,177.809998,179.660004,36529700
5/24/19,180.199997,182.139999,178.619995,178.970001,23714700
5/28/19,178.919998,180.589996,177.910004,178.229996,27948200
5/29/19,176.419998,179.350006,176,177.380005,28481200
5/30/19,177.949997,179.229996,176.669998,178.300003,21218400
5/31/19,176.229996,177.990005,174.990005,175.070007,27043600
6/3/19,175.600006,177.919998,170.270004,173.300003,40396100
6/4/19,175.440002,179.830002,174.520004,179.639999,30968000
6/5/19,184.279999,184.990005,181.139999,182.539993,29773400
6/6/19,183.080002,185.470001,182.149994,185.220001,22526300
6/7/19,186.509995,191.919998,185.770004,190.149994,30684400
6/10/19,191.809998,195.369995,191.619995,192.580002,26220900
6/11/19,194.860001,196,193.600006,194.809998,26932900
6/12/19,193.949997,195.970001,193.389999,194.190002,18221800
6/13/19,194.699997,196.789993,193.600006,194.149994,21674600
6/14/19,191.550003,193.589996,190.300003,192.740005,18761500
6/17/19,192.899994,194.960007,192.169998,193.889999,14669100
6/18/19,196.050003,200.289993,195.210007,198.449997,26551000
6/19/19,199.679993,199.880005,197.309998,197.869995,21124200
6/20/19,200.369995,200.610001,198.029999,199.460007,21514000
6/21/19,198.800003,200.850006,198.149994,198.779999,47800600
6/24/19,198.539993,200.160004,198.169998,198.580002,18220400
6/25/19,198.429993,199.259995,195.289993,195.570007,21070300
6/26/19,197.770004,200.990005,197.350006,199.800003,26067500
6/27/19,200.289993,201.570007,199.570007,199.740005,20899700
6/28/19,198.679993,199.5,197.050003,197.919998,31110600
7/1/19,203.169998,204.490005,200.649994,201.550003,27316700
7/2/19,201.410004,203.130005,201.360001,202.729996,16935200
7/3/19,203.279999,204.440002,202.690002,204.410004,11362000
7/5/19,203.350006,205.080002,202.899994,204.229996,17265500
7/8/19,200.809998,201.399994,198.410004,200.020004,25338600
7/9/19,199.199997,201.509995,198.809998,201.240005,20578000
7/10/19,201.850006,203.729996,201.559998,203.229996,17897100
7/11/19,203.309998,204.389999,201.710007,201.75,20191800
7/12/19,202.449997,204,202.199997,203.300003,17595200
7/15/19,204.089996,205.869995,204,205.210007,16947400
7/16/19,204.589996,206.110001,203.5,204.5,16866800
7/17/19,204.050003,205.089996,203.270004,203.350006,14107500
7/18/19,204,205.880005,203.699997,205.660004,18582200
7/19/19,205.789993,206.5,202.360001,202.589996,20929300
7/22/19,203.649994,207.229996,203.610001,207.220001,22277900
7/23/19,208.460007,208.910004,207.289993,208.839996,18355200
7/24/19,207.669998,209.149994,207.169998,208.669998,14991600
7/25/19,208.889999,209.240005,206.729996,207.020004,13909600
7/26/19,207.479996,209.729996,207.139999,207.740005,17618900
7/29/19,208.460007,210.639999,208.440002,209.679993,21673400
7/30/19,208.759995,210.160004,207.309998,208.779999,33935700
7/31/19,216.419998,221.369995,211.300003,213.039993,69281400
8/1/19,213.899994,218.029999,206.740005,208.429993,54017900
8/2/19,205.529999,206.429993,201.630005,204.020004,40862100
8/5/19,197.990005,198.649994,192.580002,193.339996,52393000
8/6/19,196.309998,198.070007,194.039993,197,35824800
8/7/19,195.410004,199.559998,193.820007,199.039993,33364400
8/8/19,200.199997,203.529999,199.389999,203.429993,27009500
8/9/19,201.300003,202.759995,199.289993,200.990005,24619700
8/12/19,199.619995,202.050003,199.149994,200.479996,22474900
8/13/19,201.020004,212.139999,200.479996,208.970001,47218500
8/14/19,203.160004,206.440002,202.589996,202.75,36547400
8/15/19,203.460007,205.139999,199.669998,201.740005,27227400
8/16/19,204.279999,207.160004,203.839996,206.5,27620400
8/19/19,210.619995,212.729996,210.029999,210.350006,24413600
8/20/19,210.880005,213.350006,210.320007,210.360001,26884300
8/21/19,212.990005,213.649994,211.600006,212.639999,21535400
8/22/19,213.190002,214.440002,210.75,212.460007,22253700
8/23/19,209.429993,212.050003,201,202.639999,46818000
8/26/19,205.860001,207.190002,205.059998,206.490005,26043600
8/27/19,207.860001,208.550003,203.529999,204.160004,25873300
8/28/19,204.100006,205.720001,203.320007,205.529999,15938800
8/29/19,208.5,209.320007,206.660004,209.009995,20990500
8/30/19,210.160004,210.449997,207.199997,208.740005,21143400
9/3/19,206.429993,206.979996,204.220001,205.699997,20023000
9/4/19,208.389999,209.479996,207.320007,209.190002,19188100
9/5/19,212,213.970001,211.509995,213.279999,23913700
9/6/19,214.050003,214.419998,212.509995,213.259995,19362300
9/9/19,214.839996,216.440002,211.070007,214.169998,27309400
9/10/19,213.860001,216.779999,211.710007,216.699997,31777900
9/11/19,218.070007,223.710007,217.729996,223.589996,44289600
9/12/19,224.800003,226.419998,222.860001,223.089996,32226700
9/13/19,220,220.789993,217.020004,218.75,39763300
9/16/19,217.729996,220.130005,217.559998,219.899994,21158100
9/17/19,219.960007,220.820007,219.119995,220.699997,18318700
9/18/19,221.059998,222.850006,219.440002,222.770004,25340000
9/19/19,222.009995,223.759995,220.369995,220.960007,22060600
9/20/19,221.380005,222.559998,217.470001,217.729996,55413100
9/23/19,218.949997,219.839996,217.649994,218.720001,19165500
9/24/19,221.029999,222.490005,217.190002,217.679993,31190800
9/25/19,218.550003,221.5,217.139999,221.029999,21903400
9/26/19,220,220.940002,218.830002,219.889999,18833500
9/27/19,220.539993,220.960007,217.279999,218.820007,25352000
9/30/19,220.899994,224.580002,220.789993,223.970001,25977400
10/1/19,225.070007,228.220001,224.199997,224.589996,34805800
10/2/19,223.059998,223.580002,217.929993,218.960007,34612300
10/3/19,218.429993,220.960007,215.130005,220.820007,28606500
10/4/19,225.639999,227.490005,223.889999,227.009995,34619700
10/7/19,226.270004,229.929993,225.839996,227.059998,30576500
10/8/19,225.820007,228.059998,224.330002,224.399994,27955000
10/9/19,227.029999,227.789993,225.639999,227.029999,18692600
10/10/19,227.929993,230.440002,227.300003,230.089996,28253400
10/11/19,232.949997,237.639999,232.309998,236.210007,41698900
10/14/19,234.899994,238.130005,234.669998,235.869995,24106900
10/15/19,236.389999,237.649994,234.880005,235.320007,21840000
10/16/19,233.369995,235.240005,233.199997,234.369995,18475800
10/17/19,235.089996,236.149994,233.520004,235.279999,16896300
10/18/19,234.589996,237.580002,234.289993,236.410004,24358400
10/21/19,237.520004,240.990005,237.320007,240.509995,21811800
10/22/19,241.160004,242.199997,239.619995,239.960007,20573400
10/23/19,242.100006,243.240005,241.220001,243.179993,18957200
10/24/19,244.509995,244.800003,241.809998,243.580002,17318800
10/25/19,243.160004,246.729996,242.880005,246.580002,18369300
10/28/19,247.419998,249.25,246.720001,249.050003,24143200
10/29/19,248.970001,249.75,242.570007,243.289993,35709900
10/30/19,244.759995,245.300003,241.210007,243.259995,31130500
10/31/19,247.240005,249.169998,237.259995,248.759995,34790500
11/1/19,249.539993,255.929993,249.160004,255.820007,37781300
11/4/19,257.329987,257.850006,255.380005,257.5,25818000
11/5/19,257.049988,258.190002,256.320007,257.130005,19974400
11/6/19,256.769989,257.48999,255.369995,257.23999,18966100
11/7/19,258.73999,260.350006,258.109985,259.429993,23735100
11/8/19,258.690002,260.440002,256.850006,260.140015,17496600
11/11/19,258.299988,262.470001,258.279999,262.200012,20455300
11/12/19,261.549988,262.790009,260.920013,261.959991,21847200
11/13/19,261.130005,264.779999,261.070007,264.470001,25683600
11/14/19,263.75,264.880005,262.100006,262.640015,22295700
11/15/19,263.679993,265.779999,263.01001,265.76001,25051600
11/18/19,265.799988,267.429993,264.230011,267.100006,21675800
11/19/19,267.899994,268,265.390015,266.290009,19041800
11/20/19,265.540009,266.079987,260.399994,263.190002,26558600
11/21/19,263.690002,264.01001,261.179993,262.01001,30348800
11/22/19,262.589996,263.179993,260.839996,261.779999,16331300
11/25/19,262.709991,266.440002,262.519989,266.369995,21005100
11/26/19,266.940002,267.160004,262.5,264.290009,26301900
11/27/19,265.579987,267.980011,265.309998,267.839996,16308900
11/29/19,266.600006,268,265.899994,267.25,11654400
12/2/19,267.269989,268.25,263.450012,264.160004,23621800
12/3/19,258.309998,259.529999,256.290009,259.450012,28607600
12/4/19,261.070007,263.309998,260.679993,261.73999,16795400
12/5/19,263.790009,265.890015,262.730011,265.579987,18606100
12/6/19,267.480011,271,267.299988,270.709991,26518900
12/9/19,270,270.799988,264.910004,266.920013,32010600
12/10/19,268.600006,270.070007,265.859985,268.480011,22605100
12/11/19,268.809998,271.100006,268.5,270.769989,19689200
12/12/19,267.779999,272.559998,267.320007,271.459991,34327600
12/13/19,271.459991,275.299988,270.929993,275.149994,33396900
12/16/19,277,280.790009,276.980011,279.859985,32046500
12/17/19,279.570007,281.769989,278.799988,280.410004,28539600
12/18/19,279.799988,281.899994,279.119995,279.73999,29007100
12/19/19,279.5,281.179993,278.950012,280.019989,24592300
12/20/19,282.230011,282.649994,278.559998,279.440002,68994500
12/23/19,280.529999,284.25,280.369995,284,24643000
12/24/19,284.690002,284.890015,282.920013,284.269989,12119700
12/26/19,284.820007,289.980011,284.700012,289.910004,23280300
12/27/19,291.119995,293.970001,288.119995,289.799988,36566500
12/30/19,289.459991,292.690002,285.220001,291.519989,36028600
12/31/19,289.929993,293.679993,289.519989,293.649994,25201400
1/2/20,296.23999,300.600006,295.190002,300.350006,33870100
1/3/20,297.149994,300.579987,296.5,297.429993,36580700
1/6/20,293.790009,299.959991,292.75,299.799988,29596800
1/7/20,299.839996,300.899994,297.480011,298.390015,27218000
1/8/20,297.160004,304.440002,297.160004,303.190002,33019800
1/9/20,307.23999,310.429993,306.200012,309.630005,42527100
1/10/20,310.600006,312.670013,308.25,310.329987,35161200
1/13/20,311.640015,317.070007,311.149994,316.959991,30383000
1/14/20,316.700012,317.570007,312.170013,312.679993,40488600
1/15/20,311.850006,315.5,309.549988,311.339996,30480900
1/16/20,313.589996,315.700012,312.089996,315.23999,27207300
1/17/20,316.269989,318.73999,315,318.730011,34454100
1/21/20,317.190002,319.019989,316,316.570007,27710800
1/22/20,318.579987,319.98999,317.309998,317.700012,25458100
1/23/20,317.920013,319.559998,315.649994,319.230011,26118000
1/24/20,320.25,323.329987,317.519989,318.309998,36600500
1/27/20,310.059998,311.769989,304.880005,308.950012,40485000
1/28/20,312.600006,318.399994,312.190002,317.690002,40558500
1/29/20,324.450012,327.850006,321.380005,324.339996,54057300
1/30/20,320.540009,324.089996,318.75,323.869995,31685800
1/31/20,320.929993,322.679993,308.290009,309.51001,49897100
2/3/20,304.299988,313.48999,302.220001,308.660004,43496400
2/4/20,315.309998,319.640015,313.630005,318.850006,34154100
2/5/20,323.519989,324.76001,318.950012,321.450012,29706700
2/6/20,322.570007,325.220001,320.26001,325.209991,26356400
2/7/20,322.369995,323.399994,318,320.029999,29421000
2/10/20,314.179993,321.549988,313.850006,321.549988,27337200
2/11/20,323.600006,323.899994,318.709991,319.609985,23580800
2/12/20,321.470001,327.220001,321.470001,327.200012,28432600
2/13/20,324.190002,326.220001,323.350006,324.869995,23686900
2/14/20,324.73999,325.980011,322.850006,324.950012,20028400
2/18/20,315.359985,319.75,314.609985,319,38132800
2/19/20,320,324.570007,320,323.619995,23496000
2/20/20,322.630005,324.649994,318.209991,320.299988,25141500
2/21/20,318.619995,320.450012,310.5,313.049988,32388500
2/24/20,297.26001,304.179993,289.230011,298.179993,55548800
2/25/20,300.950012,302.529999,286.130005,288.079987,57668400
2/26/20,286.529999,297.880005,286.5,292.649994,49513700
2/27/20,281.100006,286,272.959991,273.519989,79834500
2/28/20,257.26001,278.410004,256.369995,273.359985,106721200
3/2/20,282.279999,301.440002,277.720001,298.809998,85349300
3/3/20,303.670013,304,285.799988,289.320007,79868900
3/4/20,296.440002,303.399994,293.130005,302.73999,54794600
3/5/20,295.519989,299.549988,291.410004,292.920013,46893200
3/6/20,282,290.820007,281.230011,289.029999,56544200
3/9/20,263.75,278.089996,263,266.170013,71686200
3/10/20,277.140015,286.440002,269.369995,285.339996,71322500
3/11/20,277.390015,281.220001,271.859985,275.429993,63899700
3/12/20,255.940002,270,248,248.229996,104618500
3/13/20,264.890015,279.920013,252.949997,277.970001,92683000
3/16/20,241.949997,259.079987,240,242.210007,80605900
3/17/20,247.509995,257.609985,238.399994,252.860001,81014000
3/18/20,239.770004,250,237.119995,246.669998,75058400
3/19/20,247.389999,252.839996,242.610001,244.779999,67964300
3/20/20,247.179993,251.830002,228,229.240005,100423300
3/23/20,228.080002,228.5,212.610001,224.369995,84188200
3/24/20,236.360001,247.690002,234.300003,246.880005,71882800
3/25/20,250.75,258.25,244.300003,245.520004,75900500
3/26/20,246.520004,258.679993,246.360001,258.440002,63021800
3/27/20,252.75,255.869995,247.050003,247.740005,51054200
3/30/20,250.740005,255.520004,249.399994,254.809998,41994100
3/31/20,255.600006,262.48999,252,254.289993,49250500
4/1/20,246.5,248.720001,239.130005,240.910004,44054600
4/2/20,240.339996,245.149994,236.899994,244.929993,41483500
4/3/20,242.800003,245.699997,238.970001,241.410004,32470000
4/6/20,250.899994,263.109985,249.380005,262.470001,50455100
4/7/20,270.799988,271.700012,259,259.429993,50721800
4/8/20,262.73999,267.369995,261.230011,266.070007,42223800
4/9/20,268.700012,270.070007,264.700012,267.98999,40529100
4/13/20,268.309998,273.700012,265.829987,273.25,32755700
4/14/20,280,288.25,278.049988,287.049988,48748700
4/15/20,282.399994,286.329987,280.630005,284.429993,32788600
4/16/20,287.380005,288.200012,282.350006,286.690002,39281300
4/17/20,284.690002,286.950012,276.859985,282.799988,53812500
4/20/20,277.950012,281.679993,276.850006,276.929993,32503800
4/21/20,276.279999,277.25,265.429993,268.369995,45247900
4/22/20,273.609985,277.899994,272.200012,276.100006,29264300
4/23/20,275.869995,281.75,274.869995,275.029999,31203600
4/24/20,277.200012,283.01001,277,282.970001,31627200
4/27/20,281.799988,284.540009,279.950012,283.170013,29271900
4/28/20,285.079987,285.829987,278.200012,278.579987,28001200
4/29/20,284.730011,289.670013,283.890015,287.730011,34320200
4/30/20,289.959991,294.529999,288.350006,293.799988,45457600
5/1/20,286.25,299,285.850006,289.070007,60154200
5/4/20,289.170013,293.690002,286.320007,293.160004,33392000
5/5/20,295.059998,301,294.459991,297.559998,36937800
5/6/20,300.459991,303.23999,298.869995,300.630005,35583400
5/7/20,303.220001,305.170013,301.970001,303.73999,28803800
5/8/20,305.640015,310.350006,304.290009,310.130005,33512000
5/11/20,308.100006,317.049988,307.23999,315.01001,36486600
5/12/20,317.829987,319.690002,310.910004,311.410004,40575300
5/13/20,312.149994,315.950012,303.209991,307.649994,50155600
5/14/20,304.51001,309.790009,301.529999,309.540009,39732300
5/15/20,300.350006,307.899994,300.209991,307.709991,41587100
5/18/20,313.170013,316.5,310.320007,314.959991,33843100
5/19/20,315.029999,318.519989,313.01001,313.140015,25432400
5/20/20,316.679993,319.519989,316.519989,319.230011,27876200
5/21/20,318.660004,320.890015,315.869995,316.850006,25672200
5/22/20,315.769989,319.230011,315.350006,318.890015,20450800
5/26/20,323.5,324.23999,316.5,316.730011,31380500
5/27/20,316.140015,318.709991,313.089996,318.109985,28236300
5/28/20,316.769989,323.440002,315.630005,318.25,33390200
5/29/20,319.25,321.149994,316.470001,317.940002,38399500
6/1/20,317.75,322.350006,317.209991,321.850006,20197800
6/2/20,320.75,323.440002,318.929993,323.339996,21910700
6/3/20,324.660004,326.200012,322.299988,325.119995,26122800
6/4/20,324.390015,325.619995,320.779999,322.320007,21890100
6/5/20,323.350006,331.75,323.230011,331.5,34312600
6/8/20,330.25,333.600006,327.320007,333.459991,23913600
6/9/20,332.140015,345.609985,332.01001,343.98999,36928100
6/10/20,347.899994,354.769989,346.089996,352.839996,41662900
6/11/20,349.309998,351.059998,335.480011,335.899994,50415600
6/12/20,344.720001,347.799988,334.220001,338.799988,50001500
6/15/20,333.25,345.679993,332.579987,342.98999,34702200
6/16/20,351.459991,353.200012,344.720001,352.079987,41357200
6/17/20,355.149994,355.399994,351.089996,351.589996,28532000
6/18/20,351.410004,353.450012,349.220001,351.730011,24205100
6/19/20,354.640015,356.559998,345.149994,349.720001,66119000
6/22/20,351.339996,359.459991,351.149994,358.869995,33861300
6/23/20,364,372.380005,362.269989,366.529999,53038900
6/24/20,365,368.790009,358.519989,360.059998,48155800
6/25/20,360.700012,365,357.570007,364.839996,34380600
6/26/20,364.410004,365.320007,353.019989,353.630005,51314200
6/29/20,353.25,362.170013,351.279999,361.779999,32661500
6/30/20,360.079987,365.980011,360,364.799988,35055800